tab_name1,tab_name2
disp_00000.jpeg,tissue_mask_00000.png
disp_00001.jpeg,tissue_mask_00001.png
disp_00002.jpeg,tissue_mask_00002.png
disp_00003.jpeg,tissue_mask_00003.png
disp_00004.jpeg,tissue_mask_00004.png
disp_00005.jpeg,tissue_mask_00005.png
disp_00006.jpeg,tissue_mask_00006.png
disp_00007.jpeg,tissue_mask_00007.png
disp_00008.jpeg,tissue_mask_00008.png
disp_00009.jpeg,tissue_mask_00009.png
disp_00010.jpeg,tissue_mask_00010.png
disp_00011.jpeg,tissue_mask_00011.png
disp_00012.jpeg,tissue_mask_00012.png
disp_00013.jpeg,tissue_mask_00013.png
disp_00014.jpeg,tissue_mask_00014.png
disp_00015.jpeg,tissue_mask_00015.png
disp_00016.jpeg,tissue_mask_00016.png
disp_00017.jpeg,tissue_mask_00017.png
disp_00018.jpeg,tissue_mask_00018.png
disp_00019.jpeg,tissue_mask_00019.png
disp_00021.jpeg,tissue_mask_00021.png
disp_00022.jpeg,tissue_mask_00022.png
disp_00023.jpeg,tissue_mask_00023.png
disp_00024.jpeg,tissue_mask_00024.png
disp_00026.jpeg,tissue_mask_00026.png
disp_00027.jpeg,tissue_mask_00027.png
disp_00028.jpeg,tissue_mask_00028.png
disp_00030.jpeg,tissue_mask_00030.png
disp_00031.jpeg,tissue_mask_00031.png
disp_00032.jpeg,tissue_mask_00032.png
disp_00033.jpeg,tissue_mask_00033.png
disp_00034.jpeg,tissue_mask_00034.png
disp_00035.jpeg,tissue_mask_00035.png
disp_00036.jpeg,tissue_mask_00036.png
disp_00038.jpeg,tissue_mask_00038.png
disp_00039.jpeg,tissue_mask_00039.png
disp_00040.jpeg,tissue_mask_00040.png
disp_00041.jpeg,tissue_mask_00041.png
disp_00043.jpeg,tissue_mask_00043.png
disp_00044.jpeg,tissue_mask_00044.png
disp_00045.jpeg,tissue_mask_00045.png
disp_00046.jpeg,tissue_mask_00046.png
disp_00047.jpeg,tissue_mask_00047.png
disp_00048.jpeg,tissue_mask_00048.png
disp_00049.jpeg,tissue_mask_00049.png
disp_00050.jpeg,tissue_mask_00050.png
disp_00052.jpeg,tissue_mask_00052.png
disp_00053.jpeg,tissue_mask_00053.png
disp_00054.jpeg,tissue_mask_00054.png
disp_00055.jpeg,tissue_mask_00055.png
disp_00056.jpeg,tissue_mask_00056.png
disp_00057.jpeg,tissue_mask_00057.png
disp_00058.jpeg,tissue_mask_00058.png
disp_00059.jpeg,tissue_mask_00059.png
disp_00060.jpeg,tissue_mask_00060.png
disp_00061.jpeg,tissue_mask_00061.png
disp_00062.jpeg,tissue_mask_00062.png
disp_00063.jpeg,tissue_mask_00063.png
disp_00064.jpeg,tissue_mask_00064.png
disp_00065.jpeg,tissue_mask_00065.png
disp_00066.jpeg,tissue_mask_00066.png
disp_00067.jpeg,tissue_mask_00067.png
disp_00068.jpeg,tissue_mask_00068.png
disp_00069.jpeg,tissue_mask_00069.png
disp_00070.jpeg,tissue_mask_00070.png
disp_00071.jpeg,tissue_mask_00071.png
disp_00072.jpeg,tissue_mask_00072.png
disp_00073.jpeg,tissue_mask_00073.png
disp_00074.jpeg,tissue_mask_00074.png
disp_00075.jpeg,tissue_mask_00075.png
disp_00076.jpeg,tissue_mask_00076.png
disp_00077.jpeg,tissue_mask_00077.png
disp_00079.jpeg,tissue_mask_00079.png
disp_00081.jpeg,tissue_mask_00081.png
disp_00082.jpeg,tissue_mask_00082.png
disp_00084.jpeg,tissue_mask_00084.png
disp_00085.jpeg,tissue_mask_00085.png
disp_00086.jpeg,tissue_mask_00086.png
disp_00087.jpeg,tissue_mask_00087.png
disp_00088.jpeg,tissue_mask_00088.png
disp_00089.jpeg,tissue_mask_00089.png
disp_00090.jpeg,tissue_mask_00090.png
disp_00091.jpeg,tissue_mask_00091.png
disp_00092.jpeg,tissue_mask_00092.png
disp_00093.jpeg,tissue_mask_00093.png
disp_00094.jpeg,tissue_mask_00094.png
disp_00095.jpeg,tissue_mask_00095.png
disp_00096.jpeg,tissue_mask_00096.png
disp_00097.jpeg,tissue_mask_00097.png
disp_00098.jpeg,tissue_mask_00098.png
disp_00099.jpeg,tissue_mask_00099.png
disp_00100.jpeg,tissue_mask_00100.png
disp_00101.jpeg,tissue_mask_00101.png
disp_00102.jpeg,tissue_mask_00102.png
disp_00103.jpeg,tissue_mask_00103.png
disp_00104.jpeg,tissue_mask_00104.png
disp_00105.jpeg,tissue_mask_00105.png
disp_00106.jpeg,tissue_mask_00106.png
disp_00107.jpeg,tissue_mask_00107.png
disp_00108.jpeg,tissue_mask_00108.png
disp_00109.jpeg,tissue_mask_00109.png
disp_00110.jpeg,tissue_mask_00110.png
disp_00111.jpeg,tissue_mask_00111.png
disp_00112.jpeg,tissue_mask_00112.png
disp_00113.jpeg,tissue_mask_00113.png
disp_00114.jpeg,tissue_mask_00114.png
disp_00115.jpeg,tissue_mask_00115.png
disp_00116.jpeg,tissue_mask_00116.png
disp_00117.jpeg,tissue_mask_00117.png
disp_00118.jpeg,tissue_mask_00118.png
disp_00119.jpeg,tissue_mask_00119.png
disp_00120.jpeg,tissue_mask_00120.png
disp_00121.jpeg,tissue_mask_00121.png
disp_00122.jpeg,tissue_mask_00122.png
disp_00123.jpeg,tissue_mask_00123.png
disp_00124.jpeg,tissue_mask_00124.png
disp_00125.jpeg,tissue_mask_00125.png
disp_00126.jpeg,tissue_mask_00126.png
disp_00127.jpeg,tissue_mask_00127.png
disp_00128.jpeg,tissue_mask_00128.png
disp_00129.jpeg,tissue_mask_00129.png
disp_00130.jpeg,tissue_mask_00130.png
disp_00131.jpeg,tissue_mask_00131.png
disp_00132.jpeg,tissue_mask_00132.png
disp_00133.jpeg,tissue_mask_00133.png
disp_00134.jpeg,tissue_mask_00134.png
disp_00135.jpeg,tissue_mask_00135.png
disp_00136.jpeg,tissue_mask_00136.png
disp_00137.jpeg,tissue_mask_00137.png
disp_00138.jpeg,tissue_mask_00138.png
disp_00139.jpeg,tissue_mask_00139.png
disp_00140.jpeg,tissue_mask_00140.png
disp_00141.jpeg,tissue_mask_00141.png
disp_00142.jpeg,tissue_mask_00142.png
disp_00143.jpeg,tissue_mask_00143.png
disp_00144.jpeg,tissue_mask_00144.png
disp_00145.jpeg,tissue_mask_00145.png
disp_00146.jpeg,tissue_mask_00146.png
disp_00147.jpeg,tissue_mask_00147.png
disp_00148.jpeg,tissue_mask_00148.png
disp_00149.jpeg,tissue_mask_00149.png
disp_00150.jpeg,tissue_mask_00150.png
disp_00151.jpeg,tissue_mask_00151.png
disp_00152.jpeg,tissue_mask_00152.png
disp_00153.jpeg,tissue_mask_00153.png
disp_00154.jpeg,tissue_mask_00154.png
disp_00156.jpeg,tissue_mask_00156.png
disp_00159.jpeg,tissue_mask_00159.png
disp_00160.jpeg,tissue_mask_00160.png
disp_00161.jpeg,tissue_mask_00161.png
disp_00206.jpeg,tissue_mask_00206.png
disp_00219.jpeg,tissue_mask_00219.png
disp_00221.jpeg,tissue_mask_00221.png
disp_00222.jpeg,tissue_mask_00222.png
disp_00223.jpeg,tissue_mask_00223.png
disp_00224.jpeg,tissue_mask_00224.png
disp_00225.jpeg,tissue_mask_00225.png
disp_00226.jpeg,tissue_mask_00226.png
disp_00228.jpeg,tissue_mask_00228.png
disp_00231.jpeg,tissue_mask_00231.png
disp_00232.jpeg,tissue_mask_00232.png
disp_00233.jpeg,tissue_mask_00233.png
disp_00236.jpeg,tissue_mask_00236.png
disp_00237.jpeg,tissue_mask_00237.png
disp_00238.jpeg,tissue_mask_00238.png
disp_00239.jpeg,tissue_mask_00239.png
disp_00240.jpeg,tissue_mask_00240.png
disp_00243.jpeg,tissue_mask_00243.png
disp_00244.jpeg,tissue_mask_00244.png
disp_00245.jpeg,tissue_mask_00245.png
disp_00249.jpeg,tissue_mask_00249.png
disp_00250.jpeg,tissue_mask_00250.png
disp_00253.jpeg,tissue_mask_00253.png
disp_00254.jpeg,tissue_mask_00254.png
disp_00255.jpeg,tissue_mask_00255.png
disp_00256.jpeg,tissue_mask_00256.png
disp_00257.jpeg,tissue_mask_00257.png
disp_00258.jpeg,tissue_mask_00258.png
disp_00259.jpeg,tissue_mask_00259.png
disp_00260.jpeg,tissue_mask_00260.png
disp_00261.jpeg,tissue_mask_00261.png
disp_00262.jpeg,tissue_mask_00262.png
disp_00263.jpeg,tissue_mask_00263.png
disp_00265.jpeg,tissue_mask_00265.png
disp_00266.jpeg,tissue_mask_00266.png
disp_00267.jpeg,tissue_mask_00267.png
disp_00268.jpeg,tissue_mask_00268.png
disp_00269.jpeg,tissue_mask_00269.png
disp_00270.jpeg,tissue_mask_00270.png
disp_00271.jpeg,tissue_mask_00271.png
disp_00272.jpeg,tissue_mask_00272.png
disp_00273.jpeg,tissue_mask_00273.png
disp_00274.jpeg,tissue_mask_00274.png
disp_00275.jpeg,tissue_mask_00275.png
disp_00276.jpeg,tissue_mask_00276.png
disp_00277.jpeg,tissue_mask_00277.png
disp_00278.jpeg,tissue_mask_00278.png
disp_00279.jpeg,tissue_mask_00279.png
disp_00280.jpeg,tissue_mask_00280.png
disp_00281.jpeg,tissue_mask_00281.png
disp_00282.jpeg,tissue_mask_00282.png
disp_00284.jpeg,tissue_mask_00284.png
disp_00285.jpeg,tissue_mask_00285.png
disp_00286.jpeg,tissue_mask_00286.png
disp_00288.jpeg,tissue_mask_00288.png
disp_00347.jpeg,tissue_mask_00347.png
disp_00348.jpeg,tissue_mask_00348.png
disp_00349.jpeg,tissue_mask_00349.png
disp_00350.jpeg,tissue_mask_00350.png
disp_00351.jpeg,tissue_mask_00351.png
disp_00371.jpeg,tissue_mask_00371.png
disp_00372.jpeg,tissue_mask_00372.png
disp_00373.jpeg,tissue_mask_00373.png
disp_00374.jpeg,tissue_mask_00374.png
disp_00375.jpeg,tissue_mask_00375.png
disp_00376.jpeg,tissue_mask_00376.png
disp_00377.jpeg,tissue_mask_00377.png
disp_00378.jpeg,tissue_mask_00378.png
disp_00379.jpeg,tissue_mask_00379.png
disp_00391.jpeg,tissue_mask_00391.png
disp_00392.jpeg,tissue_mask_00392.png
disp_00393.jpeg,tissue_mask_00393.png
disp_00394.jpeg,tissue_mask_00394.png
disp_00395.jpeg,tissue_mask_00395.png
disp_00396.jpeg,tissue_mask_00396.png
disp_00397.jpeg,tissue_mask_00397.png
disp_00398.jpeg,tissue_mask_00398.png
disp_00399.jpeg,tissue_mask_00399.png
disp_00400.jpeg,tissue_mask_00400.png
disp_00401.jpeg,tissue_mask_00401.png
disp_00402.jpeg,tissue_mask_00402.png
disp_00403.jpeg,tissue_mask_00403.png
disp_00404.jpeg,tissue_mask_00404.png
disp_00405.jpeg,tissue_mask_00405.png
disp_00406.jpeg,tissue_mask_00406.png
disp_00407.jpeg,tissue_mask_00407.png
disp_00408.jpeg,tissue_mask_00408.png
disp_00409.jpeg,tissue_mask_00409.png
disp_00410.jpeg,tissue_mask_00410.png
disp_00411.jpeg,tissue_mask_00411.png
disp_00412.jpeg,tissue_mask_00412.png
disp_00413.jpeg,tissue_mask_00413.png
disp_00414.jpeg,tissue_mask_00414.png
disp_00415.jpeg,tissue_mask_00415.png
disp_00416.jpeg,tissue_mask_00416.png
disp_00417.jpeg,tissue_mask_00417.png
disp_00418.jpeg,tissue_mask_00418.png
disp_00419.jpeg,tissue_mask_00419.png
disp_00420.jpeg,tissue_mask_00420.png
disp_00422.jpeg,tissue_mask_00422.png
disp_00423.jpeg,tissue_mask_00423.png
disp_00424.jpeg,tissue_mask_00424.png
disp_00425.jpeg,tissue_mask_00425.png
disp_00426.jpeg,tissue_mask_00426.png
disp_00428.jpeg,tissue_mask_00428.png
disp_00429.jpeg,tissue_mask_00429.png
disp_00430.jpeg,tissue_mask_00430.png
disp_00431.jpeg,tissue_mask_00431.png
disp_00432.jpeg,tissue_mask_00432.png
disp_00433.jpeg,tissue_mask_00433.png
disp_00434.jpeg,tissue_mask_00434.png
disp_00438.jpeg,tissue_mask_00438.png
disp_00446.jpeg,tissue_mask_00446.png
disp_00447.jpeg,tissue_mask_00447.png
disp_00453.jpeg,tissue_mask_00453.png
disp_00454.jpeg,tissue_mask_00454.png
disp_00455.jpeg,tissue_mask_00455.png
disp_00456.jpeg,tissue_mask_00456.png
disp_00457.jpeg,tissue_mask_00457.png
disp_00458.jpeg,tissue_mask_00458.png
disp_00459.jpeg,tissue_mask_00459.png
disp_00460.jpeg,tissue_mask_00460.png
disp_00461.jpeg,tissue_mask_00461.png
disp_00462.jpeg,tissue_mask_00462.png
disp_00463.jpeg,tissue_mask_00463.png
disp_00464.jpeg,tissue_mask_00464.png
disp_00465.jpeg,tissue_mask_00465.png
disp_00466.jpeg,tissue_mask_00466.png
disp_00467.jpeg,tissue_mask_00467.png
disp_00468.jpeg,tissue_mask_00468.png
disp_00469.jpeg,tissue_mask_00469.png
disp_00470.jpeg,tissue_mask_00470.png
disp_00471.jpeg,tissue_mask_00471.png
disp_00472.jpeg,tissue_mask_00472.png
disp_00473.jpeg,tissue_mask_00473.png
disp_00474.jpeg,tissue_mask_00474.png
disp_00475.jpeg,tissue_mask_00475.png
disp_00476.jpeg,tissue_mask_00476.png
disp_00477.jpeg,tissue_mask_00477.png
disp_00478.jpeg,tissue_mask_00478.png
disp_00479.jpeg,tissue_mask_00479.png
disp_00481.jpeg,tissue_mask_00481.png
disp_00492.jpeg,tissue_mask_00492.png
disp_00495.jpeg,tissue_mask_00495.png
disp_00497.jpeg,tissue_mask_00497.png
disp_00499.jpeg,tissue_mask_00499.png
disp_00500.jpeg,tissue_mask_00500.png
disp_00501.jpeg,tissue_mask_00501.png
disp_00502.jpeg,tissue_mask_00502.png
disp_00503.jpeg,tissue_mask_00503.png
disp_00504.jpeg,tissue_mask_00504.png
disp_00505.jpeg,tissue_mask_00505.png
disp_00506.jpeg,tissue_mask_00506.png
disp_00507.jpeg,tissue_mask_00507.png
disp_00508.jpeg,tissue_mask_00508.png
disp_00509.jpeg,tissue_mask_00509.png
disp_00510.jpeg,tissue_mask_00510.png
disp_00511.jpeg,tissue_mask_00511.png
disp_00512.jpeg,tissue_mask_00512.png
disp_00513.jpeg,tissue_mask_00513.png
disp_00514.jpeg,tissue_mask_00514.png
disp_00515.jpeg,tissue_mask_00515.png
disp_00516.jpeg,tissue_mask_00516.png
disp_00517.jpeg,tissue_mask_00517.png
disp_00518.jpeg,tissue_mask_00518.png
disp_00519.jpeg,tissue_mask_00519.png
disp_00520.jpeg,tissue_mask_00520.png
disp_00521.jpeg,tissue_mask_00521.png
disp_00524.jpeg,tissue_mask_00524.png
disp_00526.jpeg,tissue_mask_00526.png
disp_00528.jpeg,tissue_mask_00528.png
disp_00529.jpeg,tissue_mask_00529.png
disp_00530.jpeg,tissue_mask_00530.png
disp_00531.jpeg,tissue_mask_00531.png
disp_00532.jpeg,tissue_mask_00532.png
disp_00533.jpeg,tissue_mask_00533.png
disp_00534.jpeg,tissue_mask_00534.png
disp_00535.jpeg,tissue_mask_00535.png
disp_00536.jpeg,tissue_mask_00536.png
disp_00537.jpeg,tissue_mask_00537.png
disp_00538.jpeg,tissue_mask_00538.png
disp_00539.jpeg,tissue_mask_00539.png
disp_00540.jpeg,tissue_mask_00540.png
disp_00541.jpeg,tissue_mask_00541.png
disp_00543.jpeg,tissue_mask_00543.png
disp_00544.jpeg,tissue_mask_00544.png
disp_00545.jpeg,tissue_mask_00545.png
disp_00546.jpeg,tissue_mask_00546.png
disp_00547.jpeg,tissue_mask_00547.png
disp_00548.jpeg,tissue_mask_00548.png
disp_00549.jpeg,tissue_mask_00549.png
disp_00550.jpeg,tissue_mask_00550.png
disp_00551.jpeg,tissue_mask_00551.png
disp_00552.jpeg,tissue_mask_00552.png
disp_00553.jpeg,tissue_mask_00553.png
disp_00554.jpeg,tissue_mask_00554.png
disp_00555.jpeg,tissue_mask_00555.png
disp_00556.jpeg,tissue_mask_00556.png
disp_00557.jpeg,tissue_mask_00557.png
disp_00558.jpeg,tissue_mask_00558.png
disp_00559.jpeg,tissue_mask_00559.png
disp_00560.jpeg,tissue_mask_00560.png
disp_00561.jpeg,tissue_mask_00561.png
disp_00562.jpeg,tissue_mask_00562.png
disp_00563.jpeg,tissue_mask_00563.png
disp_00564.jpeg,tissue_mask_00564.png
disp_00565.jpeg,tissue_mask_00565.png
disp_00566.jpeg,tissue_mask_00566.png
disp_00567.jpeg,tissue_mask_00567.png
disp_00568.jpeg,tissue_mask_00568.png
disp_00569.jpeg,tissue_mask_00569.png
disp_00570.jpeg,tissue_mask_00570.png
disp_00571.jpeg,tissue_mask_00571.png
disp_00572.jpeg,tissue_mask_00572.png
disp_00573.jpeg,tissue_mask_00573.png
disp_00574.jpeg,tissue_mask_00574.png
disp_00575.jpeg,tissue_mask_00575.png
disp_00576.jpeg,tissue_mask_00576.png
disp_00577.jpeg,tissue_mask_00577.png
disp_00578.jpeg,tissue_mask_00578.png
disp_00579.jpeg,tissue_mask_00579.png
disp_00580.jpeg,tissue_mask_00580.png
disp_00581.jpeg,tissue_mask_00581.png
disp_00582.jpeg,tissue_mask_00582.png
disp_00583.jpeg,tissue_mask_00583.png
disp_00584.jpeg,tissue_mask_00584.png
disp_00585.jpeg,tissue_mask_00585.png
disp_00587.jpeg,tissue_mask_00587.png
disp_00588.jpeg,tissue_mask_00588.png
disp_00589.jpeg,tissue_mask_00589.png
disp_00590.jpeg,tissue_mask_00590.png
disp_00591.jpeg,tissue_mask_00591.png
disp_00592.jpeg,tissue_mask_00592.png
disp_00593.jpeg,tissue_mask_00593.png
disp_00594.jpeg,tissue_mask_00594.png
disp_00595.jpeg,tissue_mask_00595.png
disp_00596.jpeg,tissue_mask_00596.png
disp_00597.jpeg,tissue_mask_00597.png
disp_00598.jpeg,tissue_mask_00598.png
disp_00599.jpeg,tissue_mask_00599.png
disp_00600.jpeg,tissue_mask_00600.png
disp_00601.jpeg,tissue_mask_00601.png
disp_00602.jpeg,tissue_mask_00602.png
disp_00603.jpeg,tissue_mask_00603.png
disp_00604.jpeg,tissue_mask_00604.png
disp_00605.jpeg,tissue_mask_00605.png
disp_00606.jpeg,tissue_mask_00606.png
disp_00607.jpeg,tissue_mask_00607.png
disp_00608.jpeg,tissue_mask_00608.png
disp_00609.jpeg,tissue_mask_00609.png
disp_00610.jpeg,tissue_mask_00610.png
disp_00611.jpeg,tissue_mask_00611.png
disp_00612.jpeg,tissue_mask_00612.png
disp_00613.jpeg,tissue_mask_00613.png
disp_00614.jpeg,tissue_mask_00614.png
disp_00615.jpeg,tissue_mask_00615.png
disp_00616.jpeg,tissue_mask_00616.png
disp_00617.jpeg,tissue_mask_00617.png
disp_00618.jpeg,tissue_mask_00618.png
disp_00619.jpeg,tissue_mask_00619.png
disp_00620.jpeg,tissue_mask_00620.png
disp_00621.jpeg,tissue_mask_00621.png
disp_00624.jpeg,tissue_mask_00624.png
disp_00627.jpeg,tissue_mask_00627.png
disp_00628.jpeg,tissue_mask_00628.png
disp_00629.jpeg,tissue_mask_00629.png
disp_00631.jpeg,tissue_mask_00631.png
disp_00632.jpeg,tissue_mask_00632.png
disp_00633.jpeg,tissue_mask_00633.png
disp_00636.jpeg,tissue_mask_00636.png
disp_00690.jpeg,tissue_mask_00690.png
disp_00691.jpeg,tissue_mask_00691.png
disp_00726.jpeg,tissue_mask_00726.png
disp_00727.jpeg,tissue_mask_00727.png
disp_00728.jpeg,tissue_mask_00728.png
disp_00729.jpeg,tissue_mask_00729.png
disp_00732.jpeg,tissue_mask_00732.png
disp_00737.jpeg,tissue_mask_00737.png
disp_00740.jpeg,tissue_mask_00740.png
disp_00741.jpeg,tissue_mask_00741.png
disp_00742.jpeg,tissue_mask_00742.png
disp_00743.jpeg,tissue_mask_00743.png
disp_00744.jpeg,tissue_mask_00744.png
disp_00745.jpeg,tissue_mask_00745.png
disp_00746.jpeg,tissue_mask_00746.png
disp_00747.jpeg,tissue_mask_00747.png
disp_00748.jpeg,tissue_mask_00748.png
disp_00750.jpeg,tissue_mask_00750.png
disp_00751.jpeg,tissue_mask_00751.png
disp_00752.jpeg,tissue_mask_00752.png
disp_00753.jpeg,tissue_mask_00753.png
disp_00754.jpeg,tissue_mask_00754.png
disp_00755.jpeg,tissue_mask_00755.png
disp_00756.jpeg,tissue_mask_00756.png
disp_00757.jpeg,tissue_mask_00757.png
disp_00758.jpeg,tissue_mask_00758.png
disp_00759.jpeg,tissue_mask_00759.png
disp_00760.jpeg,tissue_mask_00760.png
disp_00761.jpeg,tissue_mask_00761.png
disp_00762.jpeg,tissue_mask_00762.png
disp_00763.jpeg,tissue_mask_00763.png
disp_00764.jpeg,tissue_mask_00764.png
disp_00765.jpeg,tissue_mask_00765.png
disp_00766.jpeg,tissue_mask_00766.png
disp_00767.jpeg,tissue_mask_00767.png
disp_00769.jpeg,tissue_mask_00769.png
disp_00771.jpeg,tissue_mask_00771.png
disp_00772.jpeg,tissue_mask_00772.png
disp_00773.jpeg,tissue_mask_00773.png
disp_00774.jpeg,tissue_mask_00774.png
disp_00775.jpeg,tissue_mask_00775.png
disp_00776.jpeg,tissue_mask_00776.png
disp_00777.jpeg,tissue_mask_00777.png
disp_00778.jpeg,tissue_mask_00778.png
disp_00779.jpeg,tissue_mask_00779.png
disp_00837.jpeg,tissue_mask_00837.png
disp_00838.jpeg,tissue_mask_00838.png
disp_00839.jpeg,tissue_mask_00839.png
disp_00840.jpeg,tissue_mask_00840.png
disp_00841.jpeg,tissue_mask_00841.png
disp_00842.jpeg,tissue_mask_00842.png
disp_00844.jpeg,tissue_mask_00844.png
disp_00845.jpeg,tissue_mask_00845.png
disp_00846.jpeg,tissue_mask_00846.png
disp_00847.jpeg,tissue_mask_00847.png
disp_00848.jpeg,tissue_mask_00848.png
disp_00849.jpeg,tissue_mask_00849.png
disp_00850.jpeg,tissue_mask_00850.png
disp_00851.jpeg,tissue_mask_00851.png
disp_00852.jpeg,tissue_mask_00852.png
disp_00853.jpeg,tissue_mask_00853.png
disp_00854.jpeg,tissue_mask_00854.png
disp_00855.jpeg,tissue_mask_00855.png
disp_00856.jpeg,tissue_mask_00856.png
disp_00857.jpeg,tissue_mask_00857.png
disp_00858.jpeg,tissue_mask_00858.png
disp_00859.jpeg,tissue_mask_00859.png
disp_00860.jpeg,tissue_mask_00860.png
disp_00861.jpeg,tissue_mask_00861.png
disp_00862.jpeg,tissue_mask_00862.png
disp_00863.jpeg,tissue_mask_00863.png
disp_00865.jpeg,tissue_mask_00865.png
disp_00866.jpeg,tissue_mask_00866.png
disp_00867.jpeg,tissue_mask_00867.png
disp_00868.jpeg,tissue_mask_00868.png
disp_00869.jpeg,tissue_mask_00869.png
disp_00870.jpeg,tissue_mask_00870.png
disp_00871.jpeg,tissue_mask_00871.png
disp_00872.jpeg,tissue_mask_00872.png
disp_00873.jpeg,tissue_mask_00873.png
disp_00874.jpeg,tissue_mask_00874.png
disp_00875.jpeg,tissue_mask_00875.png
disp_00876.jpeg,tissue_mask_00876.png
disp_00877.jpeg,tissue_mask_00877.png
disp_00878.jpeg,tissue_mask_00878.png
disp_00879.jpeg,tissue_mask_00879.png
disp_00880.jpeg,tissue_mask_00880.png
disp_00881.jpeg,tissue_mask_00881.png
disp_00882.jpeg,tissue_mask_00882.png
disp_00884.jpeg,tissue_mask_00884.png
disp_00886.jpeg,tissue_mask_00886.png
disp_00891.jpeg,tissue_mask_00891.png
disp_00892.jpeg,tissue_mask_00892.png
disp_00893.jpeg,tissue_mask_00893.png
disp_00894.jpeg,tissue_mask_00894.png
disp_00895.jpeg,tissue_mask_00895.png
disp_00896.jpeg,tissue_mask_00896.png
disp_00903.jpeg,tissue_mask_00903.png
disp_00904.jpeg,tissue_mask_00904.png
disp_00905.jpeg,tissue_mask_00905.png
disp_00906.jpeg,tissue_mask_00906.png
disp_00907.jpeg,tissue_mask_00907.png
disp_00910.jpeg,tissue_mask_00910.png
disp_00911.jpeg,tissue_mask_00911.png
disp_00916.jpeg,tissue_mask_00916.png
disp_00917.jpeg,tissue_mask_00917.png
disp_00918.jpeg,tissue_mask_00918.png
disp_00919.jpeg,tissue_mask_00919.png
disp_00920.jpeg,tissue_mask_00920.png
disp_00921.jpeg,tissue_mask_00921.png
disp_00924.jpeg,tissue_mask_00924.png
disp_00927.jpeg,tissue_mask_00927.png
disp_00928.jpeg,tissue_mask_00928.png
disp_00929.jpeg,tissue_mask_00929.png
disp_00930.jpeg,tissue_mask_00930.png
disp_00931.jpeg,tissue_mask_00931.png
disp_00932.jpeg,tissue_mask_00932.png
disp_00933.jpeg,tissue_mask_00933.png
disp_00934.jpeg,tissue_mask_00934.png
disp_00935.jpeg,tissue_mask_00935.png
disp_00941.jpeg,tissue_mask_00941.png
disp_00942.jpeg,tissue_mask_00942.png
disp_00943.jpeg,tissue_mask_00943.png
disp_00944.jpeg,tissue_mask_00944.png
disp_00945.jpeg,tissue_mask_00945.png
disp_00946.jpeg,tissue_mask_00946.png
disp_00947.jpeg,tissue_mask_00947.png
disp_00948.jpeg,tissue_mask_00948.png
disp_00949.jpeg,tissue_mask_00949.png
disp_00950.jpeg,tissue_mask_00950.png
disp_00951.jpeg,tissue_mask_00951.png
disp_00952.jpeg,tissue_mask_00952.png
disp_00953.jpeg,tissue_mask_00953.png
disp_00954.jpeg,tissue_mask_00954.png
disp_00955.jpeg,tissue_mask_00955.png
disp_00956.jpeg,tissue_mask_00956.png
disp_00957.jpeg,tissue_mask_00957.png
disp_00958.jpeg,tissue_mask_00958.png
disp_00959.jpeg,tissue_mask_00959.png
disp_00960.jpeg,tissue_mask_00960.png
disp_00961.jpeg,tissue_mask_00961.png
disp_00962.jpeg,tissue_mask_00962.png
disp_00963.jpeg,tissue_mask_00963.png
disp_00964.jpeg,tissue_mask_00964.png
disp_00965.jpeg,tissue_mask_00965.png
disp_00966.jpeg,tissue_mask_00966.png
disp_00968.jpeg,tissue_mask_00968.png
disp_00969.jpeg,tissue_mask_00969.png
disp_00970.jpeg,tissue_mask_00970.png
disp_00971.jpeg,tissue_mask_00971.png
disp_00972.jpeg,tissue_mask_00972.png
disp_00973.jpeg,tissue_mask_00973.png
disp_00974.jpeg,tissue_mask_00974.png
disp_00975.jpeg,tissue_mask_00975.png
disp_00976.jpeg,tissue_mask_00976.png
disp_00977.jpeg,tissue_mask_00977.png
disp_00984.jpeg,tissue_mask_00984.png
disp_00986.jpeg,tissue_mask_00986.png
disp_00988.jpeg,tissue_mask_00988.png
disp_00989.jpeg,tissue_mask_00989.png
disp_00990.jpeg,tissue_mask_00990.png
disp_00991.jpeg,tissue_mask_00991.png
disp_00992.jpeg,tissue_mask_00992.png
disp_00993.jpeg,tissue_mask_00993.png
disp_00994.jpeg,tissue_mask_00994.png
disp_00995.jpeg,tissue_mask_00995.png
disp_00997.jpeg,tissue_mask_00997.png
disp_00998.jpeg,tissue_mask_00998.png
disp_00999.jpeg,tissue_mask_00999.png
disp_01000.jpeg,tissue_mask_01000.png
