couple_table1,couple_table2
aug_disp_00001.jpeg,aug_tissue_mask_00001.gif
aug_disp_00002.jpeg,aug_tissue_mask_00002.gif
aug_disp_00003.jpeg,aug_tissue_mask_00003.gif
aug_disp_00004.jpeg,aug_tissue_mask_00004.gif
aug_disp_00005.jpeg,aug_tissue_mask_00005.gif
aug_disp_00006.jpeg,aug_tissue_mask_00006.gif
aug_disp_00007.jpeg,aug_tissue_mask_00007.gif
aug_disp_00008.jpeg,aug_tissue_mask_00008.gif
aug_disp_00009.jpeg,aug_tissue_mask_00009.gif
aug_disp_00010.jpeg,aug_tissue_mask_00010.gif
aug_disp_00011.jpeg,aug_tissue_mask_00011.gif
aug_disp_00012.jpeg,aug_tissue_mask_00012.gif
aug_disp_00013.jpeg,aug_tissue_mask_00013.gif
aug_disp_00014.jpeg,aug_tissue_mask_00014.gif
aug_disp_00015.jpeg,aug_tissue_mask_00015.gif
aug_disp_00016.jpeg,aug_tissue_mask_00016.gif
aug_disp_00017.jpeg,aug_tissue_mask_00017.gif
aug_disp_00018.jpeg,aug_tissue_mask_00018.gif
aug_disp_00019.jpeg,aug_tissue_mask_00019.gif
aug_disp_00020.jpeg,aug_tissue_mask_00020.gif
aug_disp_00021.jpeg,aug_tissue_mask_00021.gif
aug_disp_00022.jpeg,aug_tissue_mask_00022.gif
aug_disp_00023.jpeg,aug_tissue_mask_00023.gif
aug_disp_00024.jpeg,aug_tissue_mask_00024.gif
aug_disp_00025.jpeg,aug_tissue_mask_00025.gif
aug_disp_00026.jpeg,aug_tissue_mask_00026.gif
aug_disp_00027.jpeg,aug_tissue_mask_00027.gif
aug_disp_00028.jpeg,aug_tissue_mask_00028.gif
aug_disp_00029.jpeg,aug_tissue_mask_00029.gif
aug_disp_00030.jpeg,aug_tissue_mask_00030.gif
aug_disp_00031.jpeg,aug_tissue_mask_00031.gif
aug_disp_00032.jpeg,aug_tissue_mask_00032.gif
aug_disp_00033.jpeg,aug_tissue_mask_00033.gif
aug_disp_00034.jpeg,aug_tissue_mask_00034.gif
aug_disp_00035.jpeg,aug_tissue_mask_00035.gif
aug_disp_00036.jpeg,aug_tissue_mask_00036.gif
aug_disp_00037.jpeg,aug_tissue_mask_00037.gif
aug_disp_00038.jpeg,aug_tissue_mask_00038.gif
aug_disp_00039.jpeg,aug_tissue_mask_00039.gif
aug_disp_00040.jpeg,aug_tissue_mask_00040.gif
aug_disp_00041.jpeg,aug_tissue_mask_00041.gif
aug_disp_00042.jpeg,aug_tissue_mask_00042.gif
aug_disp_00043.jpeg,aug_tissue_mask_00043.gif
aug_disp_00044.jpeg,aug_tissue_mask_00044.gif
aug_disp_00045.jpeg,aug_tissue_mask_00045.gif
aug_disp_00046.jpeg,aug_tissue_mask_00046.gif
aug_disp_00047.jpeg,aug_tissue_mask_00047.gif
aug_disp_00048.jpeg,aug_tissue_mask_00048.gif
aug_disp_00049.jpeg,aug_tissue_mask_00049.gif
aug_disp_00050.jpeg,aug_tissue_mask_00050.gif
aug_disp_00051.jpeg,aug_tissue_mask_00051.gif
aug_disp_00052.jpeg,aug_tissue_mask_00052.gif
aug_disp_00053.jpeg,aug_tissue_mask_00053.gif
aug_disp_00054.jpeg,aug_tissue_mask_00054.gif
aug_disp_00055.jpeg,aug_tissue_mask_00055.gif
aug_disp_00056.jpeg,aug_tissue_mask_00056.gif
aug_disp_00057.jpeg,aug_tissue_mask_00057.gif
aug_disp_00058.jpeg,aug_tissue_mask_00058.gif
aug_disp_00059.jpeg,aug_tissue_mask_00059.gif
aug_disp_00060.jpeg,aug_tissue_mask_00060.gif
aug_disp_00061.jpeg,aug_tissue_mask_00061.gif
aug_disp_00062.jpeg,aug_tissue_mask_00062.gif
aug_disp_00063.jpeg,aug_tissue_mask_00063.gif
aug_disp_00064.jpeg,aug_tissue_mask_00064.gif
aug_disp_00065.jpeg,aug_tissue_mask_00065.gif
aug_disp_00066.jpeg,aug_tissue_mask_00066.gif
aug_disp_00067.jpeg,aug_tissue_mask_00067.gif
aug_disp_00068.jpeg,aug_tissue_mask_00068.gif
aug_disp_00069.jpeg,aug_tissue_mask_00069.gif
aug_disp_00070.jpeg,aug_tissue_mask_00070.gif
aug_disp_00071.jpeg,aug_tissue_mask_00071.gif
aug_disp_00072.jpeg,aug_tissue_mask_00072.gif
aug_disp_00073.jpeg,aug_tissue_mask_00073.gif
aug_disp_00074.jpeg,aug_tissue_mask_00074.gif
aug_disp_00075.jpeg,aug_tissue_mask_00075.gif
aug_disp_00076.jpeg,aug_tissue_mask_00076.gif
aug_disp_00077.jpeg,aug_tissue_mask_00077.gif
aug_disp_00078.jpeg,aug_tissue_mask_00078.gif
aug_disp_00079.jpeg,aug_tissue_mask_00079.gif
aug_disp_00080.jpeg,aug_tissue_mask_00080.gif
aug_disp_00081.jpeg,aug_tissue_mask_00081.gif
aug_disp_00082.jpeg,aug_tissue_mask_00082.gif
aug_disp_00083.jpeg,aug_tissue_mask_00083.gif
aug_disp_00084.jpeg,aug_tissue_mask_00084.gif
aug_disp_00085.jpeg,aug_tissue_mask_00085.gif
aug_disp_00086.jpeg,aug_tissue_mask_00086.gif
aug_disp_00087.jpeg,aug_tissue_mask_00087.gif
aug_disp_00088.jpeg,aug_tissue_mask_00088.gif
aug_disp_00089.jpeg,aug_tissue_mask_00089.gif
aug_disp_00090.jpeg,aug_tissue_mask_00090.gif
aug_disp_00091.jpeg,aug_tissue_mask_00091.gif
aug_disp_00092.jpeg,aug_tissue_mask_00092.gif
aug_disp_00093.jpeg,aug_tissue_mask_00093.gif
aug_disp_00094.jpeg,aug_tissue_mask_00094.gif
aug_disp_00095.jpeg,aug_tissue_mask_00095.gif
aug_disp_00096.jpeg,aug_tissue_mask_00096.gif
aug_disp_00097.jpeg,aug_tissue_mask_00097.gif
aug_disp_00098.jpeg,aug_tissue_mask_00098.gif
aug_disp_00099.jpeg,aug_tissue_mask_00099.gif
aug_disp_00100.jpeg,aug_tissue_mask_00100.gif
aug_disp_00101.jpeg,aug_tissue_mask_00101.gif
aug_disp_00102.jpeg,aug_tissue_mask_00102.gif
aug_disp_00103.jpeg,aug_tissue_mask_00103.gif
aug_disp_00104.jpeg,aug_tissue_mask_00104.gif
aug_disp_00105.jpeg,aug_tissue_mask_00105.gif
aug_disp_00106.jpeg,aug_tissue_mask_00106.gif
aug_disp_00107.jpeg,aug_tissue_mask_00107.gif
aug_disp_00108.jpeg,aug_tissue_mask_00108.gif
aug_disp_00109.jpeg,aug_tissue_mask_00109.gif
aug_disp_00110.jpeg,aug_tissue_mask_00110.gif
aug_disp_00111.jpeg,aug_tissue_mask_00111.gif
aug_disp_00112.jpeg,aug_tissue_mask_00112.gif
aug_disp_00113.jpeg,aug_tissue_mask_00113.gif
aug_disp_00114.jpeg,aug_tissue_mask_00114.gif
aug_disp_00115.jpeg,aug_tissue_mask_00115.gif
aug_disp_00116.jpeg,aug_tissue_mask_00116.gif
aug_disp_00117.jpeg,aug_tissue_mask_00117.gif
aug_disp_00118.jpeg,aug_tissue_mask_00118.gif
aug_disp_00119.jpeg,aug_tissue_mask_00119.gif
aug_disp_00120.jpeg,aug_tissue_mask_00120.gif
aug_disp_00121.jpeg,aug_tissue_mask_00121.gif
aug_disp_00122.jpeg,aug_tissue_mask_00122.gif
aug_disp_00123.jpeg,aug_tissue_mask_00123.gif
aug_disp_00124.jpeg,aug_tissue_mask_00124.gif
aug_disp_00125.jpeg,aug_tissue_mask_00125.gif
aug_disp_00126.jpeg,aug_tissue_mask_00126.gif
aug_disp_00127.jpeg,aug_tissue_mask_00127.gif
aug_disp_00128.jpeg,aug_tissue_mask_00128.gif
aug_disp_00129.jpeg,aug_tissue_mask_00129.gif
aug_disp_00130.jpeg,aug_tissue_mask_00130.gif
aug_disp_00131.jpeg,aug_tissue_mask_00131.gif
aug_disp_00132.jpeg,aug_tissue_mask_00132.gif
aug_disp_00133.jpeg,aug_tissue_mask_00133.gif
aug_disp_00134.jpeg,aug_tissue_mask_00134.gif
aug_disp_00135.jpeg,aug_tissue_mask_00135.gif
aug_disp_00136.jpeg,aug_tissue_mask_00136.gif
aug_disp_00137.jpeg,aug_tissue_mask_00137.gif
aug_disp_00138.jpeg,aug_tissue_mask_00138.gif
aug_disp_00139.jpeg,aug_tissue_mask_00139.gif
aug_disp_00140.jpeg,aug_tissue_mask_00140.gif
aug_disp_00141.jpeg,aug_tissue_mask_00141.gif
aug_disp_00142.jpeg,aug_tissue_mask_00142.gif
aug_disp_00143.jpeg,aug_tissue_mask_00143.gif
aug_disp_00144.jpeg,aug_tissue_mask_00144.gif
aug_disp_00145.jpeg,aug_tissue_mask_00145.gif
aug_disp_00146.jpeg,aug_tissue_mask_00146.gif
aug_disp_00147.jpeg,aug_tissue_mask_00147.gif
aug_disp_00148.jpeg,aug_tissue_mask_00148.gif
aug_disp_00149.jpeg,aug_tissue_mask_00149.gif
aug_disp_00150.jpeg,aug_tissue_mask_00150.gif
aug_disp_00151.jpeg,aug_tissue_mask_00151.gif
aug_disp_00152.jpeg,aug_tissue_mask_00152.gif
aug_disp_00153.jpeg,aug_tissue_mask_00153.gif
aug_disp_00154.jpeg,aug_tissue_mask_00154.gif
aug_disp_00155.jpeg,aug_tissue_mask_00155.gif
aug_disp_00156.jpeg,aug_tissue_mask_00156.gif
aug_disp_00157.jpeg,aug_tissue_mask_00157.gif
aug_disp_00158.jpeg,aug_tissue_mask_00158.gif
aug_disp_00159.jpeg,aug_tissue_mask_00159.gif
aug_disp_00160.jpeg,aug_tissue_mask_00160.gif
aug_disp_00161.jpeg,aug_tissue_mask_00161.gif
aug_disp_00162.jpeg,aug_tissue_mask_00162.gif
aug_disp_00163.jpeg,aug_tissue_mask_00163.gif
aug_disp_00164.jpeg,aug_tissue_mask_00164.gif
aug_disp_00165.jpeg,aug_tissue_mask_00165.gif
aug_disp_00166.jpeg,aug_tissue_mask_00166.gif
aug_disp_00167.jpeg,aug_tissue_mask_00167.gif
aug_disp_00168.jpeg,aug_tissue_mask_00168.gif
aug_disp_00169.jpeg,aug_tissue_mask_00169.gif
aug_disp_00170.jpeg,aug_tissue_mask_00170.gif
aug_disp_00171.jpeg,aug_tissue_mask_00171.gif
aug_disp_00172.jpeg,aug_tissue_mask_00172.gif
aug_disp_00173.jpeg,aug_tissue_mask_00173.gif
aug_disp_00174.jpeg,aug_tissue_mask_00174.gif
aug_disp_00175.jpeg,aug_tissue_mask_00175.gif
aug_disp_00176.jpeg,aug_tissue_mask_00176.gif
aug_disp_00177.jpeg,aug_tissue_mask_00177.gif
aug_disp_00178.jpeg,aug_tissue_mask_00178.gif
aug_disp_00179.jpeg,aug_tissue_mask_00179.gif
aug_disp_00180.jpeg,aug_tissue_mask_00180.gif
aug_disp_00181.jpeg,aug_tissue_mask_00181.gif
aug_disp_00182.jpeg,aug_tissue_mask_00182.gif
aug_disp_00183.jpeg,aug_tissue_mask_00183.gif
aug_disp_00184.jpeg,aug_tissue_mask_00184.gif
aug_disp_00185.jpeg,aug_tissue_mask_00185.gif
aug_disp_00186.jpeg,aug_tissue_mask_00186.gif
aug_disp_00187.jpeg,aug_tissue_mask_00187.gif
aug_disp_00188.jpeg,aug_tissue_mask_00188.gif
aug_disp_00189.jpeg,aug_tissue_mask_00189.gif
aug_disp_00190.jpeg,aug_tissue_mask_00190.gif
aug_disp_00191.jpeg,aug_tissue_mask_00191.gif
aug_disp_00192.jpeg,aug_tissue_mask_00192.gif
aug_disp_00193.jpeg,aug_tissue_mask_00193.gif
aug_disp_00194.jpeg,aug_tissue_mask_00194.gif
aug_disp_00195.jpeg,aug_tissue_mask_00195.gif
aug_disp_00196.jpeg,aug_tissue_mask_00196.gif
aug_disp_00197.jpeg,aug_tissue_mask_00197.gif
aug_disp_00198.jpeg,aug_tissue_mask_00198.gif
aug_disp_00199.jpeg,aug_tissue_mask_00199.gif
aug_disp_00200.jpeg,aug_tissue_mask_00200.gif
aug_disp_00201.jpeg,aug_tissue_mask_00201.gif
aug_disp_00202.jpeg,aug_tissue_mask_00202.gif
aug_disp_00203.jpeg,aug_tissue_mask_00203.gif
aug_disp_00204.jpeg,aug_tissue_mask_00204.gif
aug_disp_00205.jpeg,aug_tissue_mask_00205.gif
aug_disp_00206.jpeg,aug_tissue_mask_00206.gif
aug_disp_00207.jpeg,aug_tissue_mask_00207.gif
aug_disp_00208.jpeg,aug_tissue_mask_00208.gif
aug_disp_00209.jpeg,aug_tissue_mask_00209.gif
aug_disp_00210.jpeg,aug_tissue_mask_00210.gif
aug_disp_00211.jpeg,aug_tissue_mask_00211.gif
aug_disp_00212.jpeg,aug_tissue_mask_00212.gif
aug_disp_00213.jpeg,aug_tissue_mask_00213.gif
aug_disp_00214.jpeg,aug_tissue_mask_00214.gif
aug_disp_00215.jpeg,aug_tissue_mask_00215.gif
aug_disp_00216.jpeg,aug_tissue_mask_00216.gif
aug_disp_00217.jpeg,aug_tissue_mask_00217.gif
aug_disp_00218.jpeg,aug_tissue_mask_00218.gif
aug_disp_00219.jpeg,aug_tissue_mask_00219.gif
aug_disp_00220.jpeg,aug_tissue_mask_00220.gif
aug_disp_00221.jpeg,aug_tissue_mask_00221.gif
aug_disp_00222.jpeg,aug_tissue_mask_00222.gif
aug_disp_00223.jpeg,aug_tissue_mask_00223.gif
aug_disp_00224.jpeg,aug_tissue_mask_00224.gif
aug_disp_00225.jpeg,aug_tissue_mask_00225.gif
aug_disp_00226.jpeg,aug_tissue_mask_00226.gif
aug_disp_00227.jpeg,aug_tissue_mask_00227.gif
aug_disp_00228.jpeg,aug_tissue_mask_00228.gif
aug_disp_00229.jpeg,aug_tissue_mask_00229.gif
aug_disp_00230.jpeg,aug_tissue_mask_00230.gif
aug_disp_00231.jpeg,aug_tissue_mask_00231.gif
aug_disp_00232.jpeg,aug_tissue_mask_00232.gif
aug_disp_00233.jpeg,aug_tissue_mask_00233.gif
aug_disp_00234.jpeg,aug_tissue_mask_00234.gif
aug_disp_00235.jpeg,aug_tissue_mask_00235.gif
aug_disp_00236.jpeg,aug_tissue_mask_00236.gif
aug_disp_00237.jpeg,aug_tissue_mask_00237.gif
aug_disp_00238.jpeg,aug_tissue_mask_00238.gif
aug_disp_00239.jpeg,aug_tissue_mask_00239.gif
aug_disp_00240.jpeg,aug_tissue_mask_00240.gif
aug_disp_00241.jpeg,aug_tissue_mask_00241.gif
aug_disp_00242.jpeg,aug_tissue_mask_00242.gif
disp_00000.jpeg,tissue_mask_00000.gif
disp_00021.jpeg,tissue_mask_00021.gif
disp_00026.jpeg,tissue_mask_00026.gif
disp_00030.jpeg,tissue_mask_00030.gif
disp_00039.jpeg,tissue_mask_00039.gif
disp_00043.jpeg,tissue_mask_00043.gif
disp_00045.jpeg,tissue_mask_00045.gif
disp_00052.jpeg,tissue_mask_00052.gif
disp_00063.jpeg,tissue_mask_00063.gif
disp_00064.jpeg,tissue_mask_00064.gif
disp_00072.jpeg,tissue_mask_00072.gif
disp_00075.jpeg,tissue_mask_00075.gif
disp_00079.jpeg,tissue_mask_00079.gif
disp_00081.jpeg,tissue_mask_00081.gif
disp_00084.jpeg,tissue_mask_00084.gif
disp_00144.jpeg,tissue_mask_00144.gif
disp_00149.jpeg,tissue_mask_00149.gif
disp_00156.jpeg,tissue_mask_00156.gif
disp_00159.jpeg,tissue_mask_00159.gif
disp_00160.jpeg,tissue_mask_00160.gif
disp_00161.jpeg,tissue_mask_00161.gif
disp_00206.jpeg,tissue_mask_00206.gif
disp_00219.jpeg,tissue_mask_00219.gif
disp_00221.jpeg,tissue_mask_00221.gif
disp_00228.jpeg,tissue_mask_00228.gif
disp_00231.jpeg,tissue_mask_00231.gif
disp_00236.jpeg,tissue_mask_00236.gif
disp_00239.jpeg,tissue_mask_00239.gif
disp_00240.jpeg,tissue_mask_00240.gif
disp_00243.jpeg,tissue_mask_00243.gif
disp_00245.jpeg,tissue_mask_00245.gif
disp_00249.jpeg,tissue_mask_00249.gif
disp_00253.jpeg,tissue_mask_00253.gif
disp_00254.jpeg,tissue_mask_00254.gif
disp_00269.jpeg,tissue_mask_00269.gif
disp_00271.jpeg,tissue_mask_00271.gif
disp_00280.jpeg,tissue_mask_00280.gif
disp_00347.jpeg,tissue_mask_00347.gif
disp_00371.jpeg,tissue_mask_00371.gif
disp_00375.jpeg,tissue_mask_00375.gif
disp_00378.jpeg,tissue_mask_00378.gif
disp_00391.jpeg,tissue_mask_00391.gif
disp_00392.jpeg,tissue_mask_00392.gif
disp_00407.jpeg,tissue_mask_00407.gif
disp_00412.jpeg,tissue_mask_00412.gif
disp_00414.jpeg,tissue_mask_00414.gif
disp_00419.jpeg,tissue_mask_00419.gif
disp_00420.jpeg,tissue_mask_00420.gif
disp_00422.jpeg,tissue_mask_00422.gif
disp_00429.jpeg,tissue_mask_00429.gif
disp_00434.jpeg,tissue_mask_00434.gif
disp_00438.jpeg,tissue_mask_00438.gif
disp_00447.jpeg,tissue_mask_00447.gif
disp_00453.jpeg,tissue_mask_00453.gif
disp_00464.jpeg,tissue_mask_00464.gif
disp_00481.jpeg,tissue_mask_00481.gif
disp_00528.jpeg,tissue_mask_00528.gif
disp_00539.jpeg,tissue_mask_00539.gif
disp_00546.jpeg,tissue_mask_00546.gif
disp_00550.jpeg,tissue_mask_00550.gif
disp_00597.jpeg,tissue_mask_00597.gif
disp_00612.jpeg,tissue_mask_00612.gif
disp_00620.jpeg,tissue_mask_00620.gif
disp_00627.jpeg,tissue_mask_00627.gif
disp_00629.jpeg,tissue_mask_00629.gif
disp_00837.jpeg,tissue_mask_00837.gif
disp_00844.jpeg,tissue_mask_00844.gif
disp_00860.jpeg,tissue_mask_00860.gif
disp_00865.jpeg,tissue_mask_00865.gif
disp_00884.jpeg,tissue_mask_00884.gif
disp_00886.jpeg,tissue_mask_00886.gif
disp_00891.jpeg,tissue_mask_00891.gif
disp_00892.jpeg,tissue_mask_00892.gif
disp_00903.jpeg,tissue_mask_00903.gif
disp_00905.jpeg,tissue_mask_00905.gif
disp_00906.jpeg,tissue_mask_00906.gif
disp_00917.jpeg,tissue_mask_00917.gif
disp_00919.jpeg,tissue_mask_00919.gif
disp_00920.jpeg,tissue_mask_00920.gif
disp_00924.jpeg,tissue_mask_00924.gif
disp_00927.jpeg,tissue_mask_00927.gif
disp_00928.jpeg,tissue_mask_00928.gif
disp_00929.jpeg,tissue_mask_00929.gif
disp_00930.jpeg,tissue_mask_00930.gif
disp_00931.jpeg,tissue_mask_00931.gif
disp_00932.jpeg,tissue_mask_00932.gif
disp_00933.jpeg,tissue_mask_00933.gif
disp_00941.jpeg,tissue_mask_00941.gif
disp_00951.jpeg,tissue_mask_00951.gif
disp_00953.jpeg,tissue_mask_00953.gif
disp_00954.jpeg,tissue_mask_00954.gif
disp_00955.jpeg,tissue_mask_00955.gif
disp_00957.jpeg,tissue_mask_00957.gif
disp_00964.jpeg,tissue_mask_00964.gif
disp_00965.jpeg,tissue_mask_00965.gif
disp_00966.jpeg,tissue_mask_00966.gif
disp_00968.jpeg,tissue_mask_00968.gif
disp_00970.jpeg,tissue_mask_00970.gif
disp_00973.jpeg,tissue_mask_00973.gif
disp_00986.jpeg,tissue_mask_00986.gif
disp_00991.jpeg,tissue_mask_00991.gif
disp_00993.jpeg,tissue_mask_00993.gif
disp_00997.jpeg,tissue_mask_00997.gif
disp_00998.jpeg,tissue_mask_00998.gif
disp_00999.jpeg,tissue_mask_00999.gif
disp_01068.jpeg,tissue_mask_01068.gif
disp_01104.jpeg,tissue_mask_01104.gif
disp_01119.jpeg,tissue_mask_01119.gif
disp_01213.jpeg,tissue_mask_01213.gif
disp_01214.jpeg,tissue_mask_01214.gif
disp_01279.jpeg,tissue_mask_01279.gif
disp_01588.jpeg,tissue_mask_01588.gif
disp_01589.jpeg,tissue_mask_01589.gif
disp_01622.jpeg,tissue_mask_01622.gif
disp_01656.jpeg,tissue_mask_01656.gif
disp_01800.jpeg,tissue_mask_01800.gif
disp_01864.jpeg,tissue_mask_01864.gif
disp_01939.jpeg,tissue_mask_01939.gif
disp_02101.jpeg,tissue_mask_02101.gif
disp_02123.jpeg,tissue_mask_02123.gif
disp_02179.jpeg,tissue_mask_02179.gif
disp_02264.jpeg,tissue_mask_02264.gif
disp_02384.jpeg,tissue_mask_02384.gif
disp_02392.jpeg,tissue_mask_02392.gif
disp_02503.jpeg,tissue_mask_02503.gif
disp_02690.jpeg,tissue_mask_02690.gif
disp_02750.jpeg,tissue_mask_02750.gif
disp_02767.jpeg,tissue_mask_02767.gif
disp_02851.jpeg,tissue_mask_02851.gif
disp_02920.jpeg,tissue_mask_02920.gif
disp_03038.jpeg,tissue_mask_03038.gif
disp_03329.jpeg,tissue_mask_03329.gif
disp_03355.jpeg,tissue_mask_03355.gif
disp_03436.jpeg,tissue_mask_03436.gif
disp_03444.jpeg,tissue_mask_03444.gif
disp_03453.jpeg,tissue_mask_03453.gif
disp_03464.jpeg,tissue_mask_03464.gif
disp_03483.jpeg,tissue_mask_03483.gif
disp_03500.jpeg,tissue_mask_03500.gif
disp_03522.jpeg,tissue_mask_03522.gif
disp_03543.jpeg,tissue_mask_03543.gif
disp_03668.jpeg,tissue_mask_03668.gif
disp_03672.jpeg,tissue_mask_03672.gif
disp_03682.jpeg,tissue_mask_03682.gif
disp_03978.jpeg,tissue_mask_03978.gif
disp_04046.jpeg,tissue_mask_04046.gif
disp_04050.jpeg,tissue_mask_04050.gif
disp_04116.jpeg,tissue_mask_04116.gif
disp_04155.jpeg,tissue_mask_04155.gif
disp_04244.jpeg,tissue_mask_04244.gif
disp_04301.jpeg,tissue_mask_04301.gif
disp_04308.jpeg,tissue_mask_04308.gif
disp_04404.jpeg,tissue_mask_04404.gif
disp_04434.jpeg,tissue_mask_04434.gif
disp_04542.jpeg,tissue_mask_04542.gif
disp_04563.jpeg,tissue_mask_04563.gif
disp_04709.jpeg,tissue_mask_04709.gif
disp_04757.jpeg,tissue_mask_04757.gif
disp_04776.jpeg,tissue_mask_04776.gif
disp_04778.jpeg,tissue_mask_04778.gif
disp_04854.jpeg,tissue_mask_04854.gif
disp_04881.jpeg,tissue_mask_04881.gif
disp_04903.jpeg,tissue_mask_04903.gif
disp_04920.jpeg,tissue_mask_04920.gif
disp_04945.jpeg,tissue_mask_04945.gif
disp_05028.jpeg,tissue_mask_05028.gif
disp_05203.jpeg,tissue_mask_05203.gif
disp_05375.jpeg,tissue_mask_05375.gif
disp_05597.jpeg,tissue_mask_05597.gif
disp_05628.jpeg,tissue_mask_05628.gif
disp_05632.jpeg,tissue_mask_05632.gif
disp_05681.jpeg,tissue_mask_05681.gif
disp_05690.jpeg,tissue_mask_05690.gif
disp_05718.jpeg,tissue_mask_05718.gif
disp_05747.jpeg,tissue_mask_05747.gif
disp_05928.jpeg,tissue_mask_05928.gif
disp_06042.jpeg,tissue_mask_06042.gif
disp_06134.jpeg,tissue_mask_06134.gif
disp_06175.jpeg,tissue_mask_06175.gif
disp_06263.jpeg,tissue_mask_06263.gif
disp_06271.jpeg,tissue_mask_06271.gif
disp_06300.jpeg,tissue_mask_06300.gif
disp_06307.jpeg,tissue_mask_06307.gif
disp_06320.jpeg,tissue_mask_06320.gif
disp_06351.jpeg,tissue_mask_06351.gif
disp_06413.jpeg,tissue_mask_06413.gif
disp_06452.jpeg,tissue_mask_06452.gif
disp_06464.jpeg,tissue_mask_06464.gif
disp_06490.jpeg,tissue_mask_06490.gif
disp_06523.jpeg,tissue_mask_06523.gif
disp_06524.jpeg,tissue_mask_06524.gif
disp_06630.jpeg,tissue_mask_06630.gif
disp_06688.jpeg,tissue_mask_06688.gif
disp_06694.jpeg,tissue_mask_06694.gif
disp_06987.jpeg,tissue_mask_06987.gif
disp_07101.jpeg,tissue_mask_07101.gif
disp_07290.jpeg,tissue_mask_07290.gif
disp_07368.jpeg,tissue_mask_07368.gif
disp_07395.jpeg,tissue_mask_07395.gif
disp_07543.jpeg,tissue_mask_07543.gif
disp_07564.jpeg,tissue_mask_07564.gif
disp_07710.jpeg,tissue_mask_07710.gif
disp_07897.jpeg,tissue_mask_07897.gif
disp_08199.jpeg,tissue_mask_08199.gif
disp_08206.jpeg,tissue_mask_08206.gif
disp_08556.jpeg,tissue_mask_08556.gif
disp_08588.jpeg,tissue_mask_08588.gif
disp_08601.jpeg,tissue_mask_08601.gif
disp_08653.jpeg,tissue_mask_08653.gif
disp_08792.jpeg,tissue_mask_08792.gif
disp_08824.jpeg,tissue_mask_08824.gif
disp_08837.jpeg,tissue_mask_08837.gif
disp_08853.jpeg,tissue_mask_08853.gif
disp_08877.jpeg,tissue_mask_08877.gif
disp_08878.jpeg,tissue_mask_08878.gif
disp_08926.jpeg,tissue_mask_08926.gif
disp_2_00046.jpeg,tissue_mask_2_00046.gif
disp_2_00118.jpeg,tissue_mask_2_00118.gif
disp_2_00152.jpeg,tissue_mask_2_00152.gif
disp_2_00286.jpeg,tissue_mask_2_00286.gif
disp_2_00297.jpeg,tissue_mask_2_00297.gif
disp_2_00318.jpeg,tissue_mask_2_00318.gif
disp_2_00344.jpeg,tissue_mask_2_00344.gif
disp_2_00357.jpeg,tissue_mask_2_00357.gif
disp_2_00368.jpeg,tissue_mask_2_00368.gif
disp_2_00423.jpeg,tissue_mask_2_00423.gif
disp_2_00461.jpeg,tissue_mask_2_00461.gif
disp_2_00490.jpeg,tissue_mask_2_00490.gif
disp_2_00535.jpeg,tissue_mask_2_00535.gif
disp_2_00588.jpeg,tissue_mask_2_00588.gif
disp_2_00749.jpeg,tissue_mask_2_00749.gif
disp_2_00773.jpeg,tissue_mask_2_00773.gif
disp_2_00796.jpeg,tissue_mask_2_00796.gif
disp_2_00829.jpeg,tissue_mask_2_00829.gif
disp_2_00835.jpeg,tissue_mask_2_00835.gif
disp_2_00969.jpeg,tissue_mask_2_00969.gif
disp_2_01039.jpeg,tissue_mask_2_01039.gif
disp_2_01054.jpeg,tissue_mask_2_01054.gif
disp_2_01086.jpeg,tissue_mask_2_01086.gif
disp_2_01147.jpeg,tissue_mask_2_01147.gif
disp_2_01184.jpeg,tissue_mask_2_01184.gif
disp_2_01216.jpeg,tissue_mask_2_01216.gif
disp_2_01270.jpeg,tissue_mask_2_01270.gif
disp_2_01329.jpeg,tissue_mask_2_01329.gif
disp_2_01343.jpeg,tissue_mask_2_01343.gif
disp_2_01377.jpeg,tissue_mask_2_01377.gif
disp_2_01417.jpeg,tissue_mask_2_01417.gif
disp_2_01430.jpeg,tissue_mask_2_01430.gif
disp_2_01483.jpeg,tissue_mask_2_01483.gif
disp_2_01606.jpeg,tissue_mask_2_01606.gif
disp_2_01618.jpeg,tissue_mask_2_01618.gif
disp_2_01630.jpeg,tissue_mask_2_01630.gif
disp_2_01640.jpeg,tissue_mask_2_01640.gif
disp_2_01661.jpeg,tissue_mask_2_01661.gif
disp_2_01671.jpeg,tissue_mask_2_01671.gif
disp_2_01777.jpeg,tissue_mask_2_01777.gif
disp_2_01795.jpeg,tissue_mask_2_01795.gif
disp_2_01807.jpeg,tissue_mask_2_01807.gif
disp_2_01855.jpeg,tissue_mask_2_01855.gif
disp_2_01861.jpeg,tissue_mask_2_01861.gif
disp_2_01906.jpeg,tissue_mask_2_01906.gif
disp_2_01952.jpeg,tissue_mask_2_01952.gif
disp_2_02034.jpeg,tissue_mask_2_02034.gif
disp_2_02166.jpeg,tissue_mask_2_02166.gif
disp_2_02225.jpeg,tissue_mask_2_02225.gif
disp_2_02308.jpeg,tissue_mask_2_02308.gif
disp_2_02330.jpeg,tissue_mask_2_02330.gif
disp_2_02364.jpeg,tissue_mask_2_02364.gif
disp_2_02378.jpeg,tissue_mask_2_02378.gif
disp_2_02418.jpeg,tissue_mask_2_02418.gif
disp_2_02522.jpeg,tissue_mask_2_02522.gif
disp_2_02525.jpeg,tissue_mask_2_02525.gif
disp_2_02536.jpeg,tissue_mask_2_02536.gif
disp_2_02550.jpeg,tissue_mask_2_02550.gif
disp_2_02558.jpeg,tissue_mask_2_02558.gif
disp_2_02562.jpeg,tissue_mask_2_02562.gif
disp_2_02747.jpeg,tissue_mask_2_02747.gif
disp_2_02761.jpeg,tissue_mask_2_02761.gif
disp_2_02784.jpeg,tissue_mask_2_02784.gif
disp_2_02835.jpeg,tissue_mask_2_02835.gif
disp_2_02949.jpeg,tissue_mask_2_02949.gif
disp_2_03004.jpeg,tissue_mask_2_03004.gif
disp_2_03043.jpeg,tissue_mask_2_03043.gif
disp_2_03113.jpeg,tissue_mask_2_03113.gif
disp_2_03160.jpeg,tissue_mask_2_03160.gif
disp_2_03265.jpeg,tissue_mask_2_03265.gif
disp_2_03489.jpeg,tissue_mask_2_03489.gif
disp_2_03617.jpeg,tissue_mask_2_03617.gif
disp_2_03771.jpeg,tissue_mask_2_03771.gif
disp_2_03800.jpeg,tissue_mask_2_03800.gif
disp_2_03854.jpeg,tissue_mask_2_03854.gif
disp_2_03912.jpeg,tissue_mask_2_03912.gif
disp_2_03974.jpeg,tissue_mask_2_03974.gif
disp_2_04211.jpeg,tissue_mask_2_04211.gif
disp_2_04259.jpeg,tissue_mask_2_04259.gif
disp_2_04275.jpeg,tissue_mask_2_04275.gif
disp_2_04290.jpeg,tissue_mask_2_04290.gif
disp_2_04375.jpeg,tissue_mask_2_04375.gif
disp_2_04382.jpeg,tissue_mask_2_04382.gif
disp_2_04429.jpeg,tissue_mask_2_04429.gif
disp_2_04436.jpeg,tissue_mask_2_04436.gif
disp_2_04475.jpeg,tissue_mask_2_04475.gif
disp_2_04571.jpeg,tissue_mask_2_04571.gif
disp_2_04649.jpeg,tissue_mask_2_04649.gif
disp_2_04817.jpeg,tissue_mask_2_04817.gif
disp_2_04834.jpeg,tissue_mask_2_04834.gif
disp_2_04848.jpeg,tissue_mask_2_04848.gif
disp_2_04860.jpeg,tissue_mask_2_04860.gif
disp_2_04876.jpeg,tissue_mask_2_04876.gif
disp_2_05008.jpeg,tissue_mask_2_05008.gif
disp_2_05029.jpeg,tissue_mask_2_05029.gif
disp_2_05221.jpeg,tissue_mask_2_05221.gif
disp_2_05231.jpeg,tissue_mask_2_05231.gif
disp_2_05437.jpeg,tissue_mask_2_05437.gif
disp_2_05601.jpeg,tissue_mask_2_05601.gif
disp_2_05628.jpeg,tissue_mask_2_05628.gif
disp_2_05643.jpeg,tissue_mask_2_05643.gif
disp_2_05656.jpeg,tissue_mask_2_05656.gif
disp_2_05805.jpeg,tissue_mask_2_05805.gif
disp_2_05813.jpeg,tissue_mask_2_05813.gif
disp_2_05889.jpeg,tissue_mask_2_05889.gif
disp_2_05925.jpeg,tissue_mask_2_05925.gif
disp_2_05957.jpeg,tissue_mask_2_05957.gif
disp_2_06113.jpeg,tissue_mask_2_06113.gif
disp_2_06315.jpeg,tissue_mask_2_06315.gif
disp_2_06322.jpeg,tissue_mask_2_06322.gif
disp_2_06361.jpeg,tissue_mask_2_06361.gif
disp_2_06433.jpeg,tissue_mask_2_06433.gif
disp_2_06471.jpeg,tissue_mask_2_06471.gif
disp_2_06537.jpeg,tissue_mask_2_06537.gif
disp_2_06818.jpeg,tissue_mask_2_06818.gif
disp_2_06916.jpeg,tissue_mask_2_06916.gif
disp_2_06924.jpeg,tissue_mask_2_06924.gif
disp_2_06947.jpeg,tissue_mask_2_06947.gif
disp_2_06955.jpeg,tissue_mask_2_06955.gif
disp_2_07040.jpeg,tissue_mask_2_07040.gif
disp_2_07060.jpeg,tissue_mask_2_07060.gif
disp_2_07188.jpeg,tissue_mask_2_07188.gif
disp_2_07312.jpeg,tissue_mask_2_07312.gif
disp_2_07507.jpeg,tissue_mask_2_07507.gif
disp_2_07578.jpeg,tissue_mask_2_07578.gif
disp_2_07654.jpeg,tissue_mask_2_07654.gif
disp_2_07656.jpeg,tissue_mask_2_07656.gif
disp_2_07678.jpeg,tissue_mask_2_07678.gif
disp_2_07720.jpeg,tissue_mask_2_07720.gif
disp_2_07898.jpeg,tissue_mask_2_07898.gif
disp_2_07908.jpeg,tissue_mask_2_07908.gif
disp_2_07952.jpeg,tissue_mask_2_07952.gif
disp_2_08015.jpeg,tissue_mask_2_08015.gif
disp_2_08148.jpeg,tissue_mask_2_08148.gif
disp_2_08263.jpeg,tissue_mask_2_08263.gif
disp_2_08411.jpeg,tissue_mask_2_08411.gif
disp_2_08473.jpeg,tissue_mask_2_08473.gif
disp_2_08579.jpeg,tissue_mask_2_08579.gif
disp_2_08664.jpeg,tissue_mask_2_08664.gif
disp_2_08789.jpeg,tissue_mask_2_08789.gif
disp_2_08860.jpeg,tissue_mask_2_08860.gif
disp_2_08890.jpeg,tissue_mask_2_08890.gif
disp_2_08894.jpeg,tissue_mask_2_08894.gif
disp_2_09132.jpeg,tissue_mask_2_09132.gif
disp_2_09142.jpeg,tissue_mask_2_09142.gif
disp_2_09319.jpeg,tissue_mask_2_09319.gif
disp_2_09467.jpeg,tissue_mask_2_09467.gif
disp_2_09498.jpeg,tissue_mask_2_09498.gif
disp_2_09531.jpeg,tissue_mask_2_09531.gif
disp_2_09578.jpeg,tissue_mask_2_09578.gif
disp_2_09696.jpeg,tissue_mask_2_09696.gif
disp_2_09875.jpeg,tissue_mask_2_09875.gif
